idx,text,label
0,"A breakthrough in quantum computing could revolutionize data encryption, analysts suggest.",Technology
1,The new policy aims to reduce carbon emissions significantly by 2030.,Environment
2,A celebrity's controversial statement sparks debate across social media platforms.,Entertainment
3,Global markets react positively to the announcement of a new economic partnership.,Economy
4,A massive solar flare event is predicted to disrupt satellite communications.,Science
5,"Development of self-driving cars has accelerated, with new patents filed this year.",Technology
6,Experts warn that the recent oil spill could have devastating effects on marine life for decades.,Environment
7,Pop icon Juliette Binoche discusses the impact of streaming on cinema in a recent interview.,Entertainment
8,"In response to the latest trade agreement, the stock market is expected to see a surge in tech stocks.",Economy
9,Researchers at the University of Science have developed a new drug that shows promise in treating Alzheimer's disease.,Science
10,Local company secures patent for a new type of solar panel with higher efficiency rates.,Technology
11,Scientists have discovered a new species of coral that can withstand higher temperatures.,Environment
12,The annual music awards ceremony celebrates the year's top artists.,Entertainment
13,Local manufacturers benefit from the increased demand for domestically produced goods.,Economy
14,Researchers unveil new findings on the migratory patterns of monarch butterflies.,Science
15,The newest smartphone model introduces an AI-powered camera for better image processing.,Technology
16,New wildlife conservation area established in the Amazon rainforest.,Environment
17,New virtual reality game set to launch next month promises an immersive experience.,Entertainment
18,The government has announced a significant increase in infrastructure spending.,Economy
19,A study on climate change published in 'Nature' outlines the rapid melting of polar ice caps.,Science
20,Innovative start-up introduces a smartphone app that predicts weather changes using AI.,Technology
21,A significant drop in global temperatures is causing concern among climatologists.,Environment
22,"A critically acclaimed movie director reveals their next project, set in the roaring twenties.",Entertainment
23,Stock market indices show steady growth after a period of volatility.,Economy
24,Breakthrough in gene editing could lead to cures for hereditary diseases.,Science
25,Quantum computing enters a new phase with companies announcing the first commercial quantum computers.,Technology
26,The international community pledges to invest in renewable energy to combat climate change.,Environment
27,"'Game of Thrones' cast reunites for a charity event, promoting awareness for social causes.",Entertainment
28,An economic summit will discuss the implications of global inflation rates.,Economy
29,"The space agency successfully lands a rover on Mars, aiming to search for signs of ancient life.",Science
30,A team of engineers unveils a prototype of a foldable electric scooter.,Technology
31,Forest conservation efforts in the Amazon have led to a noticeable increase in biodiversity.,Environment
32,A renowned actor's latest performance receives standing ovations in a Broadway play.,Entertainment
33,A new bill proposes tax reforms aimed at small businesses.,Economy
34,New telescope technology allows scientists to observe distant galaxies with unprecedented clarity.,Science
35,Electric vehicle sales soar as government incentives lead to increased consumer demand.,Technology
36,"Rare earth minerals are critical for producing electric vehicles, which are essential for reducing greenhouse gas emissions.",Environment
37,Documentary series 'Ancient Rome Reimagined' hits the small screen with its first episode.,Entertainment
38,Tech industry leaders express confidence as unemployment rates hit record lows.,Economy
39,Innovative battery technology could lead to longer-lasting and more efficient electric cars.,Science
40,Researchers develop a new type of battery that charges in seconds and lasts for weeks.,Technology
41,A new study reveals that plastic pollution in the oceans has reached alarming levels.,Environment
42,Streaming services see a surge in subscriptions following the release of a highly anticipated series.,Entertainment
43,Trade negotiations between neighboring countries begin to ease tensions.,Economy
44,A study reveals the effects of climate change on polar bear populations in the Arctic.,Science
45,Virtual reality startups raise record funding to develop immersive experiences for users.,Technology
46,Extensive deforestation in the Congo Basin continues to threaten the region's biodiversity.,Environment
47,Box office hit 'Supernova' leads the opening weekend with record-breaking ticket sales.,Entertainment
48,A surprise drop in unemployment figures has prompted a positive outlook for the next quarter.,Economy
49,A breakthrough in AI technology creates a machine that can write poetry.,Science
50,Advancements in 3D printing technology lead to the production of human-compatible prosthetics.,Technology
51,Innovative water purification systems are being developed to address the water scarcity crisis.,Environment
52,Popular children's show hosts a special episode to celebrate its 10th anniversary.,Entertainment
53,Central bank adjusts interest rates to combat inflation.,Economy
54,Scientists discover a new species of deep-sea creature in the Mariana Trench.,Science
55,"A breakthrough in battery technology promises longer-lasting, faster-charging devices.",Technology
56,An invasive species of plant has begun to overtake native flora in the Great Lakes region.,Environment
57,Upcoming fantasy film 'The Sorcerer's Legacy' reveals its main cast in a press conference.,Entertainment
58,The central bank's interest rate decision will have major consequences for the housing market.,Economy
59,Scientists discover a new species of deep-sea fish with bioluminescent features.,Science
60,Virtual reality start-up launches a platform that allows users to create and share immersive worlds.,Technology
61,A wildfire in California has destroyed thousands of acres of forest and homes.,Environment
62,"A viral dance challenge goes viral on TikTok, with millions of users participating.",Entertainment
63,Economists predict a slow but steady recovery from the recent recession.,Economy
64,Advancements in artificial intelligence make autonomous vehicles safer.,Science
65,Blockchain technology advances with the implementation of scalable solutions for financial transactions.,Technology
66,"Scientists discover a new method to efficiently recycle plastics, potentially reducing ocean pollution.",Environment
67,Celebrity chef Gordon Ramsay announces his new cooking show 'Fire in the Kitchen'.,Entertainment
68,New legislation aims to protect consumers in the rapidly growing e-commerce sector.,Economy
69,New research suggests that regular exercise can significantly improve mental health.,Science
70,Scientists discover a new material that is both superconductive and transparent.,Technology
71,Efforts to reintroduce endangered species into the wild have seen mixed results.,Environment
72,The premiere of a sci-fi blockbuster set to redefine expectations in the genre.,Entertainment
73,Small businesses face challenges due to supply chain disruptions.,Economy
74,"Research on renewable energy sources accelerates, with solar panels becoming more efficient.",Science
75,Satellite internet becomes more accessible with the launch of a constellation of low Earth orbit satellites.,Technology
76,The ban on single-use plastics is expected to significantly reduce waste in coastal cities.,Environment
77,Comedy troupe 'The Funny Fellows' gains fame with their viral sketch on social media.,Entertainment
78,Innovative startups are attracting significant venture capital funding this year.,Economy
79,The health department issues a warning about a new strain of influenza virus spreading in several countries.,Science
80,Automotive industry introduces fully electric cars with range-extending technology.,Technology
81,The impact of deforestation on indigenous communities and their cultures is profound.,Environment
82,"New superhero movie announced with an all-star cast, expected to be a summer hit.",Entertainment
83,The housing market sees an increase in activity following new mortgage regulations.,Economy
84,Nanotechnology could revolutionize medical treatments by targeting diseases at the cellular level.,Science
85,Cybersecurity experts warn about the growing threat of AI-powered cyberattacks.,Technology
86,"Volcanic eruptions increase due to global warming, posing new challenges for air travel.",Environment
87,Renowned filmmaker Sofia Coppola shares her thoughts on modern cinema at a film festival panel.,Entertainment
88,Currency fluctuations lead to volatility in the commodities market.,Economy
89,A team of physicists creates the world's first miniaturized particle accelerator.,Science
90,Major breakthrough in AI shows machines learning new languages without human input.,Technology
91,An invasive species of plant is threatening to overtake local flora in national parks.,Environment
92,An iconic singer announces retirement after a legendary career spanning five decades.,Entertainment
93,Unemployment rates drop as new industries emerge and expand.,Economy
94,Study finds that certain antibiotics are less effective against bacteria than previously thought.,Science
95,"5G networks roll out in more cities, offering faster internet speeds and improved connectivity.",Technology
96,"The Great Barrier Reef experiences its worst bleaching event in recorded history, attributed to rising sea temperatures.",Environment
97,'Dancing with the Stars' brings together top celebrities to compete in a high-energy dance-off.,Entertainment
98,Experts predict a slow but steady growth in the renewable energy sector.,Economy
99,A groundbreaking study on neural networks reveals how the human brain processes emotions.,Science
